id;first_name;last_name;birthday;password
1;string teste;string teste;2025-06-09;string
6;string teste;string teste;2025-06-09;string
8;string;string;2025-06-08;string
9;Gui;Lima;2025-06-08;string
10;string;string;2025-06-08;string
11;testete;string;2025-06-08;string
22;string;string;2025-06-08;string
23;string;string;2025-06-08;string
25;string;string;2025-06-08;string
25;string;string;2025-06-08;string
25;string;string;2025-06-08;string
25;string;string;2025-06-08;string
25;string;string;2025-06-08;string
25;string;string;2025-06-08;string
25;string;string;2025-06-08;string
25;string;string;2025-06-08;string
25;string;string;2025-06-08;string
25;string;string;2025-06-08;string
25;string;string;2025-06-08;string
26;string;string;2025-06-08;string
29;string;string;2025-06-08;string
29;string;string;2025-06-08;string
29;string;string;2025-06-08;string
29;string;string;2025-06-08;string
29;string;string;2025-06-08;string
29;string;string;2025-06-08;string
29;string;string;2025-06-08;string
29;string;string;2025-06-08;string
29;string;string;2025-06-08;string
